id,url,title,views,likes,comments,shares,score
7278034913729907974,https://www.tiktok.com/@_lukasmax/video/7278034913729907974,desbloqueando essa 🔓 ✨ #carjams #letras #dubsmash #vibedodia #musica ,3100000,353500,1541,14500,12.563423
7276110548935249158,https://www.tiktok.com/@_lukasmax/video/7276110548935249158,deixa ele! ✨ #carjams #letras #dubsmash #vibedodia #musica ,1100000,130800,251,2714,11.655181
7288713801967488262,https://www.tiktok.com/@_lukasmax/video/7288713801967488262,debaixo do meu cobertor ✨ #carjams #dubsmash #musica #vibedodia ,987700,106600,262,1297,11.495195
7146966322545446149,https://www.tiktok.com/@_lukasmax/video/7146966322545446149,Fala o que eu tô querendo ouvir… ✨ #carjams #letras #musica #dubsmash ,756800,103900,212,3041,11.438258
7170318082446019845,https://www.tiktok.com/@_lukasmax/video/7170318082446019845,Ahhh que coisa boa! ✨#carjams #dubsmash #musica #letras #@Gloria Groove ,768700,93200,155,898,11.333517
7282146253863947525,https://www.tiktok.com/@_lukasmax/video/7282146253863947525,essa entrega a idade 😂 #carjams #letras #dubsmash #vibedodia #musica ,721900,85200,211,1358,11.282614
7261719493234265349,https://www.tiktok.com/@_lukasmax/video/7261719493234265349,dessa vez eu nao vou fugir! ✨ #vibedodia #carjams #traducao #dubsmash...,502700,65900,254,2029,11.070265
7279779784622738693,https://www.tiktok.com/@_lukasmax/video/7279779784622738693,te ensinei ✨ #carjams #letras #dubsmash #vibedodia #musica ,543200,56300,50,1031,10.978979
7249095247077199109,https://www.tiktok.com/@_lukasmax/video/7249095247077199109,O que ta rolando? ✨ #carjams #dubsmash #vibedodia #letras #traducao ,493900,53100,71,722,10.905952
7385652296526351622,https://www.tiktok.com/@_lukasmax/video/7385652296526351622,@LISA can tou teach me japanese? #carjams #dubsmash #vibedodia #tradu...,392100,55400,795,180,10.847294
7172658171608141061,https://www.tiktok.com/@_lukasmax/video/7172658171608141061,Se eu me solto vc me arrasta! #carjams #dubsmash #musica #letras @jao ,310300,53800,100,1380,10.816687
7255074217979383046,https://www.tiktok.com/@_lukasmax/video/7255074217979383046,Nem todos os dias serão bons dias. ✨ #carjams #letras #traducao #dubs...,437300,36900,219,1534,10.750975
7175523555927411974,https://www.tiktok.com/@_lukasmax/video/7175523555927411974,E me olhando fica mais bonito ainda… ✨ #carjams #dubsmash #musica #le...,303600,42000,167,1922,10.710814
7256061139488869637,https://www.tiktok.com/@_lukasmax/video/7256061139488869637,Vamos fugir? ✨ #carjams #letras #traducao #dubsmash #vibedodia ,424700,32100,151,1002,10.656445
7264173841973316870,https://www.tiktok.com/@_lukasmax/video/7264173841973316870,eu sei que isso é o fim do mundo ✨ #vibedodia #carjams #traducao #dub...,355000,31000,190,1268,10.588687
7248389240256548101,https://www.tiktok.com/@_lukasmax/video/7248389240256548101,Não tenho mais tempo pra ficar na sua mão  ✨ #carjams #dubsmash #vibe...,397400,30200,58,502,10.571835
7266803953864641798,https://www.tiktok.com/@_lukasmax/video/7266803953864641798,meu pai me disse ✨ #DiaDosPais #carjams #traducao #dubsmash #letras ,287100,29000,64,749,10.44258
7136538019363867910,https://www.tiktok.com/@_lukasmax/video/7136538019363867910,Esse sorriso indica: fugimos da prisão! @JÃO #carjams #dubsmash #musi...,188500,33500,67,790,10.40378
7144801859243478277,https://www.tiktok.com/@_lukasmax/video/7144801859243478277,Vermelho que nem a lanterna traseira da nave que toca esse som!!! 🚨@G...,254600,24600,31,171,10.27732
7162282370211532037,https://www.tiktok.com/@_lukasmax/video/7162282370211532037,"Ultimamente, nada tem feito sentido… ✨ #carjams #dubsmash #legenda #m...",213600,21200,37,1040,10.230447
7232386311330581765,https://www.tiktok.com/@_lukasmax/video/7232386311330581765,Voce deveria ouvir essa todos os dias. #leidaatracao #carjams #dubsma...,197900,19800,142,1226,10.202158
7261262427470171398,https://www.tiktok.com/@_lukasmax/video/7261262427470171398,essa é das antigas ✨ #vibedodia #carjams #traducao #dubsmash #letras ,198400,22100,73,628,10.18483
7260602106560662790,https://www.tiktok.com/@_lukasmax/video/7260602106560662790,essa é muito boa! #vibedodia #leidaatracao #carjams #traducao #dubsmash ,228800,20200,52,478,10.182263
7186376198358928645,https://www.tiktok.com/@_lukasmax/video/7186376198358928645,"vai com calma, meu coração ❤️ #carjams #dubsmash #musica #letras #vib...",231800,20200,27,154,10.153181
7281383855074921733,https://www.tiktok.com/@_lukasmax/video/7281383855074921733,corra! ✨ #carjams #letras #dubsmash #vibedodia #traducao ,193300,17400,37,210,10.023332
7170688728988421381,https://www.tiktok.com/@_lukasmax/video/7170688728988421381,"Sei que o mundo tá complicado, então vamos descomplicar! ✨ #carjams #...",165800,16000,31,909,10.016602
7194055345004612869,https://www.tiktok.com/@_lukasmax/video/7194055345004612869,Sofri muito até aqui. ✨ #carjams #dubsmash #musica #letras ,150100,19600,40,416,10.014235
7284631926319680774,https://www.tiktok.com/@_lukasmax/video/7284631926319680774,fiquei com um pouco de vergonha dessa 😂 #carjams #letras #dubsmash #v...,160200,16500,41,242,9.932096
7266148366793460998,https://www.tiktok.com/@_lukasmax/video/7266148366793460998,dessenterrando essa ✨ #carjams #traducao #dubsmash #letras #vibedodia ,173100,15100,44,233,9.923474
7180702229131693317,https://www.tiktok.com/@_lukasmax/video/7180702229131693317,A mensagem já tá dada! LOOP✨#carjams #dubsmash #musica #letras @Vivi ,150700,16000,28,157,9.88281
7142593265534110981,https://www.tiktok.com/@_lukasmax/video/7142593265534110981,That’s my vibe! ✨ #legenda #musica #dubsmash #carjams ,137300,16100,45,241,9.866668
7169302154082110726,https://www.tiktok.com/@_lukasmax/video/7169302154082110726,Passa o bic! ✨ #carjams #dubsmash #traducao #musica #letras ,153600,12400,7,189,9.785027
7286198362238389509,https://www.tiktok.com/@_lukasmax/video/7286198362238389509,to cansado de como as coisas tem sido ✨ #carjams #dubsmash #traducao ...,156100,10900,43,386,9.778922
7133012010236644613,https://www.tiktok.com/@_lukasmax/video/7133012010236644613,Musica desbloqueada na sua cabeça 🔓🤯 #carjams #lirycs #strike #malhac...,119500,11800,210,327,9.71014
7161204233860041990,https://www.tiktok.com/@_lukasmax/video/7161204233860041990,Toda nossa juventude corre pelas veias ✨#reedit #carjams #dubsmash #l...,106000,11900,50,483,9.684484
7257629189803740421,https://www.tiktok.com/@_lukasmax/video/7257629189803740421,sete dias da semana ✨ #carjams #letras #traducao #dubsmash #vibedodia ,114700,11600,50,264,9.659413
7177117922169556229,https://www.tiktok.com/@_lukasmax/video/7177117922169556229,Just Dance! Feat. @Carlos Henrique Mair @James Olaya ✨ #carjams #dubs...,125700,10700,60,196,9.649754
7356395251298340102,https://www.tiktok.com/@_lukasmax/video/7356395251298340102,Nao da pra ficar parada nesse beat envolvente! #carjams #dubsmash #mu...,118000,10800,17,78,9.600284
7274588859537558789,https://www.tiktok.com/@_lukasmax/video/7274588859537558789,vai devagar sua criança levada! ✨ #carjams #letras #dubsmash #vibedod...,121800,7300,28,242,9.502601
7162920315218087174,https://www.tiktok.com/@_lukasmax/video/7162920315218087174,Só pra não lembrar… ✨ #carjams #dubsmash #legenda #letras #musica ,89200,10100,23,213,9.495692
7264689053826665734,https://www.tiktok.com/@_lukasmax/video/7264689053826665734,eu vou te achar ✨ #vibedodia #carjams #traducao #dubsmash #letras ,109100,7407,41,129,9.432674
7356978088254704902,https://www.tiktok.com/@_lukasmax/video/7356978088254704902,E me olhando fica mais bonita ainda... aff... #carjams #dubsmash #mus...,69900,9299,24,393,9.428131
7273983074470235397,https://www.tiktok.com/@_lukasmax/video/7273983074470235397,que tal? ✨ #carjams #letras #dubsmash #vibedodia ,113900,7251,6,60,9.42258
7170399860426853638,https://www.tiktok.com/@_lukasmax/video/7170399860426853638,Vem comigo! ✨ #carjams #dubsmash #musica #letras #traducao ,112800,6244,14,82,9.372425
7294683428400663813,https://www.tiktok.com/@_lukasmax/video/7294683428400663813,i got the eye of the tiger ✨ #carjams #dubsmash #musica #vibedodia #t...,90400,7461,19,143,9.354047
7268768328976518405,https://www.tiktok.com/@_lukasmax/video/7268768328976518405,nao desista ✨ #carjams #dubsmash #letras #musica #traducao ,95900,5655,68,234,9.314305
7267948056182623493,https://www.tiktok.com/@_lukasmax/video/7267948056182623493,entao pode me lamber @JÃO ✨ #vibedodia #carjams #dubsmash #letras #mu...,70100,6419,16,294,9.237789
7283993595370048773,https://www.tiktok.com/@_lukasmax/video/7283993595370048773,o ano era 2007 🔓 #carjams #letras #dubsmash #vibedodia  #musica ,78300,5854,60,167,9.215772
7158215364860546310,https://www.tiktok.com/@_lukasmax/video/7158215364860546310,Todo mundo tá atrás de amor! #carjams #dubsmash #legenda #musica #let...,65900,6242,20,180,9.168277
7211177158851497221,https://www.tiktok.com/@_lukasmax/video/7211177158851497221,Cara de pilantra ❤️‍🔥 @JÃO  #carjams #dubsmash #musica #letras ,65300,6352,25,162,9.167187
7270610662198365446,https://www.tiktok.com/@_lukasmax/video/7270610662198365446,😘 #carjams #letras #traducao #dubsmash #vibedodia ,86900,4817,10,104,9.165215
7271001413264706822,https://www.tiktok.com/@_lukasmax/video/7271001413264706822,so eu que gosto dessa? ✨ #carjams #letras #traducao #dubsmash #vibedo...,82800,4737,64,136,9.15885
7248657102187678982,https://www.tiktok.com/@_lukasmax/video/7248657102187678982,Quem é? ✨ #carjams #dubsmash #vibedodia #letras #musica ,73100,5857,18,48,9.139719
7235020342123629829,https://www.tiktok.com/@_lukasmax/video/7235020342123629829,Replying to @Morgan St. Jean Deve ser a minha energia ✨ #leidaatracao...,72600,4960,32,126,9.10428
7379649527453715717,https://www.tiktok.com/@_lukasmax/video/7379649527453715717,7 #carjams #dubsmash #musica #vibedodia #traducao ,61000,4673,23,77,8.985439
7150014028511808773,https://www.tiktok.com/@_lukasmax/video/7150014028511808773,Da pra sentir? ✨ #carjams #dubsmash #legenda #musica ,61800,4407,19,104,8.979358
7275839268952591622,https://www.tiktok.com/@_lukasmax/video/7275839268952591622,soi escorpiano mas juro que não sou assim 😇😈#carjams #letras #dubsmas...,65900,3659,16,133,8.956872
7256435645403368709,https://www.tiktok.com/@_lukasmax/video/7256435645403368709,Nós nunca saimos de moda ✨ #carjams #letras #traducao #dubsmash #vibe...,61500,3769,17,97,8.918707
7257983925031570693,https://www.tiktok.com/@_lukasmax/video/7257983925031570693,voltando do filme da barbie assim ✨ #carjams #letras #traducao #dubsm...,62700,3506,10,45,8.877089
7265416156662549765,https://www.tiktok.com/@_lukasmax/video/7265416156662549765,somos de ouro ✨ #vibedodia #carjams #traducao #dubsmash #letras ,62400,3093,12,105,8.864269
7326548625985785093,https://www.tiktok.com/@_lukasmax/video/7326548625985785093,desde que você esteja comigo ✨ #carjams #dubsmash #musica #vibedodia ...,53300,3854,18,61,8.845366
7297597846126087430,https://www.tiktok.com/@_lukasmax/video/7297597846126087430,essa entrega a idade! ✨ #carjams #dubsmash #musica #vibedodia ,50200,3965,36,79,8.84414
7263550883932228870,https://www.tiktok.com/@_lukasmax/video/7263550883932228870,playlist na bio ✨ #vibedodia #carjams #traducao #dubsmash #letras ,55900,3360,15,95,8.834286
7151141667234516229,https://www.tiktok.com/@_lukasmax/video/7151141667234516229,Você me faz brilhar! ✨ #carjams #dubsmash #letras #legandas #musica ,47600,4169,16,70,8.831826
7280645870536740101,https://www.tiktok.com/@_lukasmax/video/7280645870536740101,nem tudo lhe cai bem ✨ #carjams #letras #dubsmash #vibedodia #musica ,53700,3254,18,105,8.811019
7128885535455644933,https://www.tiktok.com/@_lukasmax/video/7128885535455644933,Mãe eu nunca fui santo…,44000,3838,16,133,8.799106
7298458722014104838,https://www.tiktok.com/@_lukasmax/video/7298458722014104838,verao cruel ✨ #carjams #dubsmash #musica #vibedodia #traducao,50900,3583,13,50,8.790705
7290172950219623686,https://www.tiktok.com/@_lukasmax/video/7290172950219623686,"mas mesmo depois de todo esse tempo, eu ainda estou afim de você ✨ #c...",48500,3617,11,85,8.790397
7136913119053384966,https://www.tiktok.com/@_lukasmax/video/7136913119053384966,"Replying to @Victoria Agatha595  Eu não quero anda amar, eu quero voc...",42800,3915,17,100,8.779683
7155109867198418181,https://www.tiktok.com/@_lukasmax/video/7155109867198418181,Pra tu não vir me falar que tá com sono… ✨ #carjams #dubsmash #DidYou...,49100,3190,9,63,8.737944
7286936924546223365,https://www.tiktok.com/@_lukasmax/video/7286936924546223365,estou aqui pra dizer que eu jamais! ✨ #carjams #dubsmash #musica #vib...,45800,3298,32,78,8.734697
7159259215175961861,https://www.tiktok.com/@_lukasmax/video/7159259215175961861,Ando ouvindo as músicas que você me dedicou ✨ #carjams #dubsmash #leg...,53300,2758,6,53,8.720935
7328353454852787461,https://www.tiktok.com/@_lukasmax/video/7328353454852787461,e tem eu e vc ✨ #carjams #dubsmash #musica #vibedodia ,31500,4166,24,106,8.710467
7174516808400014598,https://www.tiktok.com/@_lukasmax/video/7174516808400014598,Replying to @chaysantos60 A rua vai me proteger! ✨ #repost #carjams #...,41800,2892,16,120,8.667367
7151871722235497733,https://www.tiktok.com/@_lukasmax/video/7151871722235497733,"Amor, não há nada me impedindo ✨ #carjams #legenda #dubsmash #musica ...",40000,3084,7,86,8.648046
7132470191467842821,https://www.tiktok.com/@_lukasmax/video/7132470191467842821,Saoko papi ✨#lirycs #music #dublagem #dubsmash #singing @rosalia,42200,3139,8,27,8.642281
7152110810976849158,https://www.tiktok.com/@_lukasmax/video/7152110810976849158,"Mas eu acho que, bom para você… ✨ #carjams #legenda #dubsmash #musica ",44500,2917,3,31,8.639473
7175633829955259654,https://www.tiktok.com/@_lukasmax/video/7175633829955259654,Amores de uma noite ainda são amores. ✨ #carjams #dubsmash #musica #l...,41700,2619,16,115,8.63004
7162872382942629126,https://www.tiktok.com/@_lukasmax/video/7162872382942629126,Replying to @isabellyvieira762 desejando que você seja meu ✨ #carjams...,42900,2536,16,109,8.628653
7291681500502756614,https://www.tiktok.com/@_lukasmax/video/7291681500502756614,vou te levar pra outro lugar! ✨ #carjams #dubsmash #musica #vibedodia...,39000,2864,10,110,8.626201
7137767736888937734,https://www.tiktok.com/@_lukasmax/video/7137767736888937734,Levando a Kim pra curtir no petshop! 😂 @luisasonza #dubsmash #musica ...,43300,2979,5,9,8.621504
7131177146990595334,https://www.tiktok.com/@_lukasmax/video/7131177146990595334,Ce vai me destruir… #lirycs #OPalcoETodoSeu #singing #jao @JÃO,31800,3318,22,113,8.611846
7250083252973604102,https://www.tiktok.com/@_lukasmax/video/7250083252973604102,Faz o que quiser fazer ✨ #carjams #letras #vibedodia #dubsmash #musica ,45500,2521,10,37,8.605462
7161891112343457029,https://www.tiktok.com/@_lukasmax/video/7161891112343457029,Aposto que fiz você ver! ✨ #carjams #dubsmash #legenda #musica #letras ,42200,2651,8,29,8.580794
7144053367927590149,https://www.tiktok.com/@_lukasmax/video/7144053367927590149,Ainda tem muito nesse mundo que eu não aprendi é que eu não sei… @jao...,33600,3094,14,54,8.560638
7141018823154470150,https://www.tiktok.com/@_lukasmax/video/7141018823154470150,Sou viciado nessa! ✨ #carjams #legenda #musica #kpop #dubsmash ,39200,2634,9,31,8.546025
7308835390495018245,https://www.tiktok.com/@_lukasmax/video/7308835390495018245,Im feeling 22 ✨ #carjams #dubsmash #musica #vibedodia #traducao ,35200,2925,9,32,8.539564
7217197572622961925,https://www.tiktok.com/@_lukasmax/video/7217197572622961925,Vc me faz brilhar ✨ #carjams #dubsmash #musica #traducao ,37700,2444,11,71,8.530524
7150407091344264454,https://www.tiktok.com/@_lukasmax/video/7150407091344264454,Não vá dizer que eu não sou sua cara-metade ✨ #carjams #dubsmash #mus...,39300,2131,7,83,8.511652
7162694787693284614,https://www.tiktok.com/@_lukasmax/video/7162694787693284614,Te amo!,37400,2549,29,16,8.510332
7191230651218103557,https://www.tiktok.com/@_lukasmax/video/7191230651218103557,Replying to @higorsilva7315 sei que cê me quer tbm! ✨ #carjams #dubsm...,36300,2520,10,48,8.507542
7421161097845034246,https://www.tiktok.com/@_lukasmax/video/7421161097845034246,direto no meu coracao! #carjams #dubsmash #vibedodia #traducao #musica ,39300,2379,3,18,8.498444
7269147234262928646,https://www.tiktok.com/@_lukasmax/video/7269147234262928646,🛩️ #carjams #dubsmash #letras #traducao #musica ,51700,1439,9,29,8.497718
7141837836159913221,https://www.tiktok.com/@_lukasmax/video/7141837836159913221,"E se eu te amei, eu peço perdão.  Eu não sou santo não… ✨ @jao #carja...",34000,2481,8,81,8.496282
7299936810812067077,https://www.tiktok.com/@_lukasmax/video/7299936810812067077,nem ao menos pra dizer ✨ #carjams #dubsmash #musica #vibedodia ,32400,2560,32,50,8.475313
7178130085227089158,https://www.tiktok.com/@_lukasmax/video/7178130085227089158,Finalmente achei um homem que presta! ✨ #carjams #dubsmash #musica #l...,41900,1644,5,81,8.465099
7177848994901560581,https://www.tiktok.com/@_lukasmax/video/7177848994901560581,Wake me UP! ✨ #carjams #dubsmash #musica #letras #traducao ,39100,1876,13,68,8.461494
7307722417466658054,https://www.tiktok.com/@_lukasmax/video/7307722417466658054,os seus problemas a gente tem que resolver! ✨ #carjams #dubsmash #mus...,34100,2226,6,39,8.425865
7307407042505968901,https://www.tiktok.com/@_lukasmax/video/7307407042505968901,vai passa mal ✨ #carjams #dubsmash #musica #vibedodia ,35600,2136,11,26,8.423335
7138139410851237125,https://www.tiktok.com/@_lukasmax/video/7138139410851237125,Diz ae quem faz sua pupila dilatar!?  👉🏻 ✨ @ANAVITÓRIA  #musica #dubs...,33400,2156,1,60,8.419604
7271653231976238341,https://www.tiktok.com/@_lukasmax/video/7271653231976238341,entao eu rezei ✨ #carjams #letras #traducao #dubsmash #vibedodia ,46900,1224,9,39,8.41173
7250562695643090181,https://www.tiktok.com/@_lukasmax/video/7250562695643090181,Só quero ter uma boa noite ✨ #carjams #letras #traducao #dubsmash #vi...,39400,1737,6,27,8.403808
7143355557309730054,https://www.tiktok.com/@_lukasmax/video/7143355557309730054,"Replying to @vitorsehenen Bem nos olhos vejo os montros, que insistem...",30800,2092,19,76,8.39491
7142976551632522501,https://www.tiktok.com/@_lukasmax/video/7142976551632522501,Então VSF! ✨ @jao #dubsmash #carjams #musica #letras ,29100,2249,14,74,8.392406
7174901199286619397,https://www.tiktok.com/@_lukasmax/video/7174901199286619397,Replying to @angelicaanjo16 Toda nossa juventude corre pelas veias! ✨...,33400,1952,26,47,8.387641
7301710295242738950,https://www.tiktok.com/@_lukasmax/video/7301710295242738950,"posso parecer doido, mas nao liga nao ✨ #carjams #dubsmash #musica #v...",31300,2200,10,32,8.378954
7322112548835249413,https://www.tiktok.com/@_lukasmax/video/7322112548835249413,Indique a musica que você quer aqui nos comentários! 🙏🏻 #carjams #dub...,28500,2221,21,64,8.374343
7158935824845901062,https://www.tiktok.com/@_lukasmax/video/7158935824845901062,Te digo te amo e você disfarça com essa cara de… ✨ ##carjams##dubsmas...,30300,2099,17,59,8.373808
7191464495028407558,https://www.tiktok.com/@_lukasmax/video/7191464495028407558,o mundo gira e não para! @bomtalvao ✨ #carjams #dubsmash #musica #let...,38000,1577,13,33,8.365245
7191113045370866950,https://www.tiktok.com/@_lukasmax/video/7191113045370866950,"Comecei a chorar, mas aí lembrei: ✨ #carjams #dubsmash #musica #letra...",31100,1897,12,70,8.357813
7134350801010527493,https://www.tiktok.com/@_lukasmax/video/7134350801010527493,Essa eu fiz pra vc! 🫵🏻✨ @JÃO  #carjams #music #lirycs #foryou #pravoce ,29100,2081,11,66,8.35607
7163772825461853446,https://www.tiktok.com/@_lukasmax/video/7163772825461853446,Não conta pra sua mãe 🤫 #carjams #dubsmash #legenda #letras #tradução ,34100,1780,3,44,8.352904
7297224616420936966,https://www.tiktok.com/@_lukasmax/video/7297224616420936966,querido nos somos os novos românticos ✨ #carjams #dubsmash #musica #v...,27700,2298,9,25,8.336104
7201160205030198534,https://www.tiktok.com/@_lukasmax/video/7201160205030198534,cadê os planos que fizemos para dois? 😢 #carjams #dubsmash #musica #l...,29800,1877,12,59,8.325204
7136201908049546502,https://www.tiktok.com/@_lukasmax/video/7136201908049546502,Mostra toda sua habilidade! ✨ ##carjams##dubsmash##bagunca##musica##l...,32500,1749,6,33,8.315321
7170086072884481285,https://www.tiktok.com/@_lukasmax/video/7170086072884481285,"Quanto mais eu bebo, mais eu fico só @JÃO ✨ #carjams #dubsmash #music...",34100,1533,10,41,8.307627
7162615373861309702,https://www.tiktok.com/@_lukasmax/video/7162615373861309702,"me liga, talvez? ✨ #carjams #dubsmash #legenda #tradução #letras ",32100,1710,7,33,8.302462
7188558137861868806,https://www.tiktok.com/@_lukasmax/video/7188558137861868806,Foge comigo a meia noite! ✨ #carjams #dubsmash #musica #letras ,33400,1616,5,22,8.291856
7167116432512126214,https://www.tiktok.com/@_lukasmax/video/7167116432512126214,Será que só eu amo essa música? 🤔🤷‍♂️#carjams #dubsmash #traducao #mu...,35400,1418,8,29,8.290209
7167768730431294726,https://www.tiktok.com/@_lukasmax/video/7167768730431294726,teeelll meee!!! ✨ #carjams #dubsmash #traducao #musica #letras ,34600,1377,7,43,8.283795
7168191740644510982,https://www.tiktok.com/@_lukasmax/video/7168191740644510982,Lema de todos os dias! ✨ #carjams #dubsmash #traducao #musica #letras ,34100,1217,7,64,8.264705
7196016732249607430,https://www.tiktok.com/@_lukasmax/video/7196016732249607430,Se ele quiser eu piso onde ninguém pisou! ✨ #carjams #dubsmash #music...,29800,1433,7,85,8.263271
7141472042238397701,https://www.tiktok.com/@_lukasmax/video/7141472042238397701,Aí meu DEUSSSS! ✨🔥 @JÃO #musica #letras ,28100,1729,14,46,8.259667
7152570422100380933,https://www.tiktok.com/@_lukasmax/video/7152570422100380933,Quando não souber o que pedir… ✨ #carjams #dubsmash #legenda #musica ...,29900,1530,10,55,8.256116
7164905866431319301,https://www.tiktok.com/@_lukasmax/video/7164905866431319301,"Se você quer, precisa me falar! ✨#carjams #dubsmash #traducao #musica...",33000,1426,11,23,8.251242
7224277261007080710,https://www.tiktok.com/@_lukasmax/video/7224277261007080710,Eu sou o problema mesmo 💔 #carjams #dubsmash #musica #traducao #letras ,32200,1417,8,32,8.24449
7142103407187266821,https://www.tiktok.com/@_lukasmax/video/7142103407187266821,Eu não te amo mas espera até o beat! 🤪 @jao #carjams #musica #letras ...,27700,1631,7,51,8.234396
7175969785203756293,https://www.tiktok.com/@_lukasmax/video/7175969785203756293,"nem tento fingir, não vou voltar atrás ✨ #carjams #dubsmash #musica #...",34800,1092,7,45,8.226024
7173003204223978758,https://www.tiktok.com/@_lukasmax/video/7173003204223978758,Esse era o nosso canto! Eu achei primeiro! ✨ #carjams  #dubsmash #mus...,30900,1409,6,30,8.218427
7157345301458652422,https://www.tiktok.com/@_lukasmax/video/7157345301458652422,Eu vou até o fim! ✨ #carjams #dubsmash #legenda #musica #letras ,30200,1397,8,40,8.216486
7302491748859792646,https://www.tiktok.com/@_lukasmax/video/7302491748859792646,sonhando com o que poderíamos ser ✨ #traducao #carjams #dubsmash #mus...,25300,1806,4,33,8.208645
7140646724183297286,https://www.tiktok.com/@_lukasmax/video/7140646724183297286,Minha vida é um inferno… (complete) ✨ #dubsmash #carjams #musica #let...,30000,1210,4,70,8.202441
7339284278716501254,https://www.tiktok.com/@_lukasmax/video/7339284278716501254,só voce pode sentir isso! #carjams #dubsmash #musica #vibedodia #trad...,26400,1639,7,36,8.19829
7178503899534429446,https://www.tiktok.com/@_lukasmax/video/7178503899534429446,Trago seu amor de volta ✨ #carjams #dubsmash #musica #letras ,35800,895,6,38,8.182016
7135803985977429254,https://www.tiktok.com/@_lukasmax/video/7135803985977429254,O melhor presente Deus me Deu! 🎵#carjams #dubsmash #letras #cbj #musica ,25900,1464,10,52,8.170989
7196416586423586054,https://www.tiktok.com/@_lukasmax/video/7196416586423586054,#carjams #dubsmash #musica #letras ,29000,1288,4,26,8.152711
7322475731206851846,https://www.tiktok.com/@_lukasmax/video/7322475731206851846,De 0 a 100 quanto essa musica é red flag? 🚩#carjams #dubsmash #musica...,17400,1968,38,55,8.144721
7132085000597622022,https://www.tiktok.com/@_lukasmax/video/7132085000597622022,Voce me deixa Louquinho! 🤪 #carjams #singing #lyrics #jao #music  @JÃO,21900,1644,10,47,8.130206
7140011618393476358,https://www.tiktok.com/@_lukasmax/video/7140011618393476358,Eu sei bem! 🤪,24600,1277,5,74,8.126316
7292420764903558405,https://www.tiktok.com/@_lukasmax/video/7292420764903558405,olhe pra dentro ✨ #carjams #dubsmash #musica #vibedodia #traducao ,24500,1279,12,45,8.095682
7313246185358118149,https://www.tiktok.com/@_lukasmax/video/7313246185358118149,💔 #carjams #dubsmash #musica #vibedodia #traducao ,21800,1506,11,32,8.079805
7164145793434225925,https://www.tiktok.com/@_lukasmax/video/7164145793434225925,Indicando essa aqui que não é muito conhecida mas eu amo!✨ #carjams #...,26900,978,6,54,8.073055
7199270963299503365,https://www.tiktok.com/@_lukasmax/video/7199270963299503365,Replying to @lorenzaluz1 me desculpa por não ser o que eu queria ser ...,30200,887,7,26,8.070608
7157683298905443590,https://www.tiktok.com/@_lukasmax/video/7157683298905443590,Eu sei que você me adora! ✨ #carjams #dubsmash #legenda #musica #letras ,25600,1038,10,46,8.056272
7167505737214643462,https://www.tiktok.com/@_lukasmax/video/7167505737214643462,"Garota, bota um croped! ✨ #carjams #dubsmash #traducao #musica #letras ",29500,892,3,20,8.046742
7295018100062276870,https://www.tiktok.com/@_lukasmax/video/7295018100062276870,amo ✨ #carjams #dubsmash #musica #vibedodia #traducao ,21400,1335,17,32,8.033823
7321095904071666949,https://www.tiktok.com/@_lukasmax/video/7321095904071666949,é... voltei! #carjams #dubsmash #musica #vibedodia #traducao ,20400,1526,11,11,8.029516
7153620771036728582,https://www.tiktok.com/@_lukasmax/video/7153620771036728582,Sei que a vida seria uma droga sem você ✨ #carjams #dubsmash #legenda...,25500,1056,7,23,8.025362
7134747160419093765,https://www.tiktok.com/@_lukasmax/video/7134747160419093765,Meu adolescente grita! @zac_efronn #carjams #dubsmash #highschoolmusi...,23100,1240,10,18,8.021673
7373295250850254086,https://www.tiktok.com/@_lukasmax/video/7373295250850254086,ele me disse que me amaria a vida toda... #carjams #dubsmash #musica ...,18300,1557,7,33,8.01613
7211529562176392454,https://www.tiktok.com/@_lukasmax/video/7211529562176392454,Estou pronto pra ser! 💕 @TWICE #carjams #dubsmash #traducao #letras ,28800,782,4,15,7.990907
7258399863820389637,https://www.tiktok.com/@_lukasmax/video/7258399863820389637,Eu sei que você quer me levar pra casa. ✨ #carjams #letras #traducao ...,32100,654,6,6,7.990456
7179348516119088389,https://www.tiktok.com/@_lukasmax/video/7179348516119088389,Vc sempre volta porque sabe que é pra mim! ✨ #carjams #dubsmash #musi...,30900,676,2,8,7.976654
7201494354500881669,https://www.tiktok.com/@_lukasmax/video/7201494354500881669,meu guilty pleasure é kpop!  continuo? #carjams #dubsmash #musica #le...,28000,770,6,12,7.968074
7159684077078056198,https://www.tiktok.com/@_lukasmax/video/7159684077078056198,É o que você é! ✨ #carjams #dubsmash #legenda #musica #letras ,24200,932,4,23,7.959019
7134012101462428934,https://www.tiktok.com/@_lukasmax/video/7134012101462428934,Category bad b*tch 💅🏻 #beyonce  #carjam #dubsmash #singing #lirycs ,20800,1081,10,24,7.934441
7195668255682333957,https://www.tiktok.com/@_lukasmax/video/7195668255682333957,seja bem vindo a minha canção de auto-sabotagem! ✨ #carjams #dubsmash...,25900,709,8,18,7.916218
7165516573455764741,https://www.tiktok.com/@_lukasmax/video/7165516573455764741,Lide com isso! ✨ #carjams #dubsmash #traducao #musica #letras ,27300,690,3,9,7.915498
7151775320650157318,https://www.tiktok.com/@_lukasmax/video/7151775320650157318,E não preciso de você hoje a noite ✨ #carjams #legenda #musica #dubsm...,22100,890,6,19,7.893912
7135101876692929798,https://www.tiktok.com/@_lukasmax/video/7135101876692929798,Eu quero ver vc dormir com esse BARULHOO! @iza #carjams #dubsmash #li...,22800,802,1,13,7.8643
7196307953824156933,https://www.tiktok.com/@_lukasmax/video/7196307953824156933,Replying to @lorenzaluz1 pô* isso acaba comigo! ✨ #carjams #dubsmash ...,26600,580,4,11,7.860719
7429111489337806086,https://www.tiktok.com/@_lukasmax/video/7429111489337806086,aham aham #carjams #dubsmash #vibedodia #traducao #musica @ROSÉ @Brun...,16500,1210,6,18,7.853121
7148499567690976518,https://www.tiktok.com/@_lukasmax/video/7148499567690976518,Hoje tô romântico ✨ #carjams #dubsmash #letras #musica ,21700,671,4,26,7.816519
7357368246493891845,https://www.tiktok.com/@_lukasmax/video/7357368246493891845,manual ai galera! #carjams #dubsmash #musica #vibedodia ,12100,1379,12,17,7.789766
7305130113845316870,https://www.tiktok.com/@_lukasmax/video/7305130113845316870,essa musica foi um surto meu? ✨  @Ananda #carjams #dubsmash #musica #...,16300,1087,5,2,7.780273
7157088430839631110,https://www.tiktok.com/@_lukasmax/video/7157088430839631110,E eu acho que gosto mesmo de você… ✨#carjams #dubsmash #legenda #musica ,20700,626,8,27,7.780247
7131733847854664966,https://www.tiktok.com/@_lukasmax/video/7131733847854664966,A gente se perdeu e não se encontrou mais... 🥲 #singing #carjams #lir...,17000,794,2,25,7.732965
7163379865733942533,https://www.tiktok.com/@_lukasmax/video/7163379865733942533,vou dizer de novo! ✨ #carjams #dubsmash #legenda #letras #tradução ,23600,419,6,8,7.707295
7144472046108495109,https://www.tiktok.com/@_lukasmax/video/7144472046108495109,Não preciso de uma cura de mim mesmo! ✨ #musica #legenda #dubsmashcha...,19800,598,2,3,7.683139
7141097335672655130,https://www.tiktok.com/@_lukasmax/video/7141097335672655130,"Você é um perigo, que dá vontade de correr. ✨ #dubsmash #letra #music...",18800,546,4,20,7.673449
7150745775612366086,https://www.tiktok.com/@_lukasmax/video/7150745775612366086,Dias de chuva também merecem um pouco de felicidade! ✨ #carjams #dubs...,19600,554,3,7,7.667226
7509286954010266886,https://www.tiktok.com/@_lukasmax/video/7509286954010266886,essa é a melhor parte de música sim.,12600,970,7,13,7.643855
7137320777388395782,https://www.tiktok.com/@_lukasmax/video/7137320777388395782,Eu penso o tempo todo! ✨ #carjams #dubsmash #musica #letras #dublagem ,17900,480,6,9,7.588432
7140363629819481350,https://www.tiktok.com/@_lukasmax/video/7140363629819481350,"Sei que ce não vale nada, mas só quero você… ✨ #carjams #musica #dubs...",17800,352,2,16,7.522746
7125745920976653573,https://www.tiktok.com/@_lukasmax/video/7125745920976653573,Vai dizer que só eu fico cantando sozinho #CapCut #taylorswift #mean,13000,575,16,7,7.479876
7129168180697713925,https://www.tiktok.com/@_lukasmax/video/7129168180697713925,Lets get #physical 🎵,14700,434,4,14,7.465345
7133380842617064709,https://www.tiktok.com/@_lukasmax/video/7133380842617064709,Você sonha com sonhos impossiveis? #taylorswift #carjams #lirycs ,15000,380,1,2,7.395351
7147409518463290630,https://www.tiktok.com/@_lukasmax/video/7147409518463290630,Eu sei que é meio difícil amar alguém como eu… #carjams #dubsmash #mu...,15800,276,3,4,7.353912
7102164197076634886,https://www.tiktok.com/@_lukasmax/video/7102164197076634886,Só eu que volto do trabalho animado? 🤪,11900,471,2,1,7.330852
7409035059522735365,https://www.tiktok.com/@_lukasmax/video/7409035059522735365,essa vai pro mozao! ,7017,768,6,10,7.306788
7296865269857668358,https://www.tiktok.com/@_lukasmax/video/7296865269857668358,"voce não anda bem, precisa relaxar! ✨ #carjams #dubsmash #musica #vib...",10100,456,4,9,7.266635
7097594574901710085,https://www.tiktok.com/@_lukasmax/video/7097594574901710085,É meme,10700,317,2,4,7.167891
7123650713695112454,https://www.tiktok.com/@_lukasmax/video/7123650713695112454,#Cachorrinhas #DiadoAmigo,10600,182,2,0,6.992104
7384781588619463942,https://www.tiktok.com/@_lukasmax/video/7384781588619463942,im so juliaaa #carjams #dubsmash #vibedodia #traducao ,7089,293,4,12,6.970647
7092861820154711301,https://www.tiktok.com/@_lukasmax/video/7092861820154711301,#fy,8903,181,3,2,6.908744
7087406480164474117,https://www.tiktok.com/@_lukasmax/video/7087406480164474117,Não dá pra ser tiktokeeerr 😡 inferno,8450,211,1,0,6.898294
7101805204806405382,https://www.tiktok.com/@_lukasmax/video/7101805204806405382,#sunroof,9720,104,1,0,6.794526
6830189877028490502,https://www.tiktok.com/@_lukasmax/video/6830189877028490502,#foryou #fouryoupage #instax #instaxmini90 #instaxmini9,5680,164,2,8,6.673941
7379709129310358789,https://www.tiktok.com/@_lukasmax/video/7379709129310358789,viciado nessa pedrada aqui! #carjams #dubsmash #musica #vibedodia #tr...,4237,166,2,4,6.490523
7039738793309637893,https://www.tiktok.com/@_lukasmax/video/7039738793309637893,#dancinginthedark #fy,5823,67,3,2,6.43563
6978117221792894214,https://www.tiktok.com/@_lukasmax/video/6978117221792894214,Accidentally in Love 💞🌈 #fy #cringe,4495,101,2,2,6.370607
6819476835722595590,https://www.tiktok.com/@_lukasmax/video/6819476835722595590,@jamesolaya1 #teletubbies #paidecachorro #maedepet #desafiochallenge ...,3393,179,1,1,6.368841
7439699697830284599,https://www.tiktok.com/@_lukasmax/video/7439699697830284599,that's how we howling 🐺 #carjams #dubsmash #vibedodia #traducao #musi...,2763,174,4,4,6.307427
7024692283316489478,https://www.tiktok.com/@_lukasmax/video/7024692283316489478,#fy,4933,69,0,0,6.281047
7404588313635523845,https://www.tiktok.com/@_lukasmax/video/7404588313635523845,@LISA servindo....,2498,169,2,3,6.22982
6843428822872804613,https://www.tiktok.com/@_lukasmax/video/6843428822872804613,#tiktokemcasa,3536,64,2,2,6.127669
7467680638980721925,https://www.tiktok.com/@_lukasmax/video/7467680638980721925,@ROSÉ #carjams #dubsmash #vibedodia #traducao #musica ,2190,122,2,7,6.109545
7619341364228050183,https://www.tiktok.com/@_lukasmax/video/7619341364228050183,no repeat. @Luísa Sonza ,1193,69,2,1,5.554343
7652161207738092808,https://www.tiktok.com/@_lukasmax/video/7652161207738092808,Pra ouvir hoje!,599,43,3,3,5.188253
